icao24,callsign,origin_country,time_position,last_contact,longitude,latitude,baro_altitude,on_ground,velocity,true_track,vertical_rate,geo_altitude,squawk,spi,position_source,snapshot_time
a22233,CXK312,United States,1787874146,1787874146,-118.3203,33.8116,396.24,False,52.52,122.6,0.65,342.9,0262,False,0,1787874146
ac1020,N8768R,United States,1787874145,1787874146,-120.1944,35.2684,1981.2,False,72.78,214.93,0.33,2065.02,,False,0,1787874146
a9656c,N704WP,United States,1787874146,1787874146,-118.5332,34.1695,426.72,False,53.53,289.65,-0.98,365.76,,False,0,1787874146
a9c84f,N7297G,United States,1787874145,1787874145,-118.223,33.8842,320.04,False,41.83,4.94,-1.63,243.84,1200,False,0,1787874146
a114db,N169TW,United States,1787874100,1787874100,-118.2384,33.8902,91.44,False,25.21,270.0,-1.95,0.0,1200,False,0,1787874146
a5958c,SWA1426,United States,1787874146,1787874146,-117.2103,32.7391,266.7,False,91.12,287.41,14.63,190.5,,False,0,1787874146
a2cd4f,N28TD,United States,1787874142,1787874142,-120.0714,34.6068,,True,4.63,98.44,,,1200,False,0,1787874146
aaf4b7,N805CW,United States,1787874043,1787874043,-120.4545,34.9027,,True,3.86,39.38,,,1200,False,0,1787874146
a1acce,N207JB,United States,1787874146,1787874146,-117.2538,33.1654,830.58,False,89.02,96.3,-8.45,807.72,4762,False,0,1787874146
a8dd2c,QXE2415,United States,1787874115,1787874115,-117.2017,32.7354,,True,4.63,286.88,,,7435,False,0,1787874146
a59662,N4593X,United States,1787874135,1787874138,-118.4916,34.2132,,True,1.54,264.38,,,,False,0,1787874146
a4d984,N411TD,United States,1787874146,1787874146,-118.8711,34.1158,579.12,False,40.04,117.55,3.25,541.02,,False,0,1787874146
a8a93a,N6571D,United States,1787874146,1787874146,-118.2968,33.808,1615.44,False,54.23,136.92,0.33,1638.3,4644,False,0,1787874146
a9ea6e,N738TB,United States,1787874146,1787874146,-116.8956,32.9839,1028.7,False,50.26,157.11,-2.6,1013.46,,False,0,1787874146
ac247a,SWA3016,United States,1787874146,1787874146,-118.7628,33.5709,3893.82,False,175.21,107.96,-9.75,4130.04,3016,False,0,1787874146
ac6b88,N9LV,United States,1787874146,1787874146,-118.1696,34.5162,4831.08,False,166.8,70.17,10.73,5120.64,2026,False,0,1787874146
addb2b,KOW992,United States,1787874146,1787874146,-117.2761,32.7751,1348.74,False,126.37,305.89,9.43,1379.22,,False,0,1787874146
a368ab,,United States,1787873942,1787873942,-116.9057,33.0257,708.66,False,47.61,96.2,-1.63,685.8,,False,0,1787874146
a5c077,CXK305,United States,1787874146,1787874146,-117.0082,33.2568,1684.02,False,63.13,165.85,0.0,1729.74,4740,False,0,1787874146
a0e2e5,N1560V,United States,1787874146,1787874146,-116.8859,32.8125,1402.08,False,55.68,211.78,0.33,1402.08,1200,False,0,1787874146
0d112e,AMX642,Mexico,1787873996,1787873996,-118.3818,33.9397,83.82,False,74.15,262.83,-3.25,22.86,3215,False,0,1787874146
a22432,N237TH,United States,1787874145,1787874145,-118.9468,35.2167,1066.8,False,43.07,7.55,-0.33,1097.28,,False,0,1787874146
ae1daa,CUTLS53,United States,1787874146,1787874146,-118.0814,33.2622,144.78,False,72.55,299.29,-0.33,60.96,,False,0,1787874146
adfe94,LOST77,United States,1787874145,1787874146,-118.1345,33.9222,3688.08,False,136.67,334.11,1.3,3886.2,7163,False,0,1787874146
a15b21,N187ER,United States,1787874146,1787874146,-118.1798,33.8249,198.12,False,35.72,311.5,0.0,144.78,1200,False,0,1787874146
a41e2c,UAL2146,United States,1787874145,1787874145,-118.3516,33.9671,4450.08,False,196.13,46.38,5.2,4701.54,1330,False,0,1787874146
ae6010,KNIFE26,United States,1787873884,1787873884,-118.0527,33.792,,True,0.0,168.75,,,0275,False,0,1787874146
ad533d,JSX620,United States,1787874145,1787874146,-116.9353,33.2125,2026.92,False,120.85,247.47,-8.45,2125.98,4650,False,0,1787874146
a868d2,N6409D,United States,1787874145,1787874146,-116.9442,32.8363,1051.56,False,51.54,207.33,0.98,1028.7,,False,0,1787874146
aaf553,N805KB,United States,1787874146,1787874146,-117.635,34.0268,6416.04,False,118.83,140.8,0.0,6804.66,1770,False,0,1787874146
a8eda9,N6745P,United States,1787874146,1787874146,-117.0535,33.0814,1257.3,False,53.78,75.03,0.33,1257.3,5265,False,0,1787874146
aa9220,SKW5351,United States,1787874146,1787874146,-118.4448,33.5033,5105.4,False,171.65,297.49,11.7,5402.58,1032,False,0,1787874146
a27c59,N25976,United States,1787874146,1787874146,-117.778,34.0775,640.08,False,50.93,90.0,0.0,579.12,,False,0,1787874146
a3b6b6,N3386E,United States,1787874146,1787874146,-116.7818,33.0152,1417.32,False,49.92,153.7,1.3,1440.18,,False,0,1787874146
a52c03,N432R,United States,1787874145,1787874145,-118.2939,33.6863,1074.42,False,33.82,296.18,3.58,1074.42,1200,False,0,1787874146
aaf47a,ASA773,United States,1787874145,1787874145,-117.8792,33.7884,944.88,False,96.44,65.08,-4.23,944.88,1566,False,0,1787874146
a723cc,N5594P,United States,1787874146,1787874146,-118.7974,34.6697,2346.96,False,67.66,154.8,0.65,2446.02,,False,0,1787874146
a9b971,N7257E,United States,1787874146,1787874146,-117.6213,33.3492,1714.5,False,52.7,141.34,0.0,1760.22,0245,False,0,1787874146
a2ab73,AAY644,United States,1787874146,1787874146,-118.3685,33.5199,2179.32,False,148.2,91.39,-7.48,2301.24,1644,False,0,1787874146
780a9c,CPA882,China,1787874146,1787874146,-118.3505,33.9574,327.66,False,75.68,262.97,-3.58,281.94,6221,False,0,1787874146
aa1b78,EJA750,United States,1787874145,1787874146,-117.0642,34.3322,9448.8,False,203.16,115.98,0.33,10043.16,6716,False,0,1787874146
a0c13c,N148JM,United States,1787874082,1787874082,-119.0812,34.2137,83.82,False,42.18,270.0,-2.6,38.1,,False,0,1787874146
ad2218,N9450E,United States,1787874145,1787874145,-119.216,34.2224,792.48,False,80.27,142.03,-15.28,777.24,,False,0,1787874146
a9edaa,N739ND,United States,1787874144,1787874144,-119.1068,34.2027,320.04,False,50.12,84.7,-1.63,259.08,,False,0,1787874146
a13c43,SKW3104,United States,1787874104,1787874104,-117.1993,32.7347,,True,4.37,50.62,,,,False,0,1787874146
a82427,N6233D,United States,1787874021,1787874026,-118.2367,33.8897,99.06,False,34.47,270.86,-2.6,22.86,,False,0,1787874146
a4b6c2,N4022W,United States,1787874146,1787874146,-119.2787,34.4361,1097.28,False,52.97,60.95,0.33,1104.9,,False,0,1787874146
a37c1d,N3232K,United States,1787874146,1787874146,-118.2924,34.1204,739.14,False,55.54,105.58,3.25,701.04,2072,False,0,1787874146
ac2836,SWA2586,United States,1787874146,1787874146,-118.7482,34.8556,11887.2,False,223.78,155.56,0.0,12573.0,3156,False,0,1787874146
a63f4e,SKW6190,United States,1787874146,1787874146,-117.6395,34.3812,6271.26,False,221.94,53.77,6.83,6675.12,4634,False,0,1787874146
ac13d6,SWA3833,United States,1787874145,1787874146,-117.8064,34.0923,1828.8,False,148.78,314.58,10.73,1897.38,1011,False,0,1787874146
a09852,UAL2807,United States,1787874146,1787874146,-116.0441,35.3009,11277.6,False,254.21,47.79,0.0,11963.4,1023,False,0,1787874146
aa1c2c,N750XX,United States,1787874143,1787874144,-118.4915,34.2035,,True,0.0,343.12,,,,False,0,1787874146
addf73,N993TB,United States,1787874146,1787874146,-116.0797,33.9824,8679.18,False,244.25,260.3,-13.33,9235.44,3737,False,0,1787874146
a4421d,DAL2572,United States,1787873850,1787873850,-117.1779,32.7296,,True,2.31,109.69,,,,False,0,1787874146
ad59f2,N96BM,United States,1787874146,1787874146,-116.5363,33.7328,3558.54,False,71.57,62.15,0.98,3756.66,4663,False,0,1787874146
3965b0,AFR23G,France,1787874146,1787874146,-118.1477,34.0946,5417.82,False,214.75,55.74,11.7,5730.24,1343,False,0,1787874146
a39f0d,UPS2924,United States,1787873836,1787873837,-117.5767,34.0569,358.14,False,68.42,269.57,-3.58,304.8,5742,False,0,1787874146
ab5eb2,SWA2774,United States,1787874146,1787874146,-117.412,34.4621,11582.4,False,225.01,287.57,0.33,12291.06,7413,False,0,1787874146
461f4d,FIN1,Finland,1787874146,1787874146,-117.1115,34.1765,5501.64,False,190.5,251.91,-9.43,5844.54,2166,False,0,1787874146
a26ba9,N255SH,United States,1787874146,1787874146,-118.8887,35.0202,9753.6,False,268.13,299.42,0.0,10363.2,7502,False,0,1787874146
a4c849,SKW3056,United States,1787874146,1787874146,-118.1521,33.4133,3169.92,False,151.69,263.57,11.7,3345.18,6743,False,0,1787874146
ac36a9,SWA2933,United States,1787874146,1787874146,-120.1865,35.0994,9753.6,False,253.08,321.69,0.0,10332.72,1004,False,0,1787874146
a4a244,N398UA,United States,1787874146,1787874146,-116.7469,33.0155,2004.06,False,53.7,189.37,0.33,2087.88,,False,0,1787874146
a9ec8c,N739AT,United States,1787874145,1787874145,-117.5467,33.8721,1005.84,False,45.81,124.94,2.28,982.98,,False,0,1787874146
addcc1,N9922T,United States,1787874126,1787874141,-117.7195,34.5198,3185.16,False,88.12,254.42,-0.33,3345.18,,False,0,1787874146
a331b0,N3048T,United States,1787874146,1787874146,-116.7365,32.8177,1577.34,False,38.31,112.09,-2.28,1615.44,,False,0,1787874146
ac2626,N882KB,United States,1787874145,1787874146,-118.5579,34.1952,8793.48,False,233.52,337.05,8.13,9334.5,1337,False,0,1787874146
a5c293,N470RB,United States,1787874146,1787874146,-118.2017,33.7426,1402.08,False,52.48,142.57,-1.3,1417.32,1200,False,0,1787874146
abafe1,N852MH,United States,1787873908,1787873908,-118.3117,33.3365,30.48,False,0.51,0.0,0.0,-45.72,1200,False,0,1787874146
c07ee6,WJA1485,Canada,1787874103,1787874103,-117.1778,32.7296,,True,1.8,106.88,,,,False,0,1787874146
c07eda,WJA1024,Canada,1787874145,1787874145,-119.7872,35.4413,11887.2,False,216.51,191.1,-0.33,12542.52,1312,False,0,1787874146
a607e1,N488S,United States,1787874145,1787874145,-118.7218,34.0385,1104.9,False,81.85,92.16,0.98,1097.28,4664,False,0,1787874146
a27fdb,JSX305,United States,1787874146,1787874146,-117.7897,34.075,5966.46,False,210.09,40.83,5.85,6339.84,4655,False,0,1787874146
a74a5a,SWA3625,United States,1787874146,1787874146,-117.1441,32.7971,2080.26,False,116.29,104.34,-8.78,2186.94,3364,False,0,1787874146
aa1a7d,N750ER,United States,1787874080,1787874085,-119.0598,35.4318,,True,0.0,45.0,,,,False,0,1787874146
a1460a,SKW3411,United States,1787874138,1787874144,-119.8366,34.4262,,True,1.54,191.25,,,,False,0,1787874146
a38641,SKW3712,United States,1787874145,1787874146,-118.653,34.3347,4168.14,False,176.47,349.25,10.4,4411.98,7752,False,0,1787874146
a66a34,N512PT,United States,1787874146,1787874146,-116.8785,32.8591,1165.86,False,45.24,72.8,2.93,1150.62,,False,0,1787874146
a4e1ec,N4132J,United States,1787874145,1787874145,-117.5208,33.8734,800.1,False,45.1,302.42,1.63,777.24,1200,False,0,1787874146
a06cf3,N1264U,United States,1787874146,1787874146,-118.2537,33.8201,518.16,False,50.06,337.65,-0.33,449.58,1200,False,0,1787874146
ac65a5,N89815,United States,1787874146,1787874146,-117.2496,33.1333,335.28,False,36.44,256.94,-5.2,266.7,1200,False,0,1787874146
ae4ffc,BC743,United States,1787874146,1787874146,-117.2176,32.8907,480.06,False,40.86,280.89,0.0,441.96,,False,0,1787874146
a7699a,N577ND,United States,1787874146,1787874146,-119.1708,34.2659,1112.52,False,46.37,252.57,0.33,1112.52,,False,0,1787874146
a42b32,DAL1077,United States,1787874145,1787874145,-119.9317,35.4979,10965.18,False,233.0,298.77,-0.65,11597.64,7362,False,0,1787874146
ae4fca,SHWK406,United States,1787874054,1787874055,-117.117,32.5621,45.72,False,11.24,285.95,0.33,-15.24,,False,0,1787874146
a26738,JSX708,United States,1787874146,1787874146,-117.83,33.7367,411.48,False,76.15,206.91,-4.88,365.76,3320,False,0,1787874146
a013e8,DAL2191,United States,1787874146,1787874146,-116.9675,32.6629,3695.7,False,192.21,74.48,5.85,3909.06,,False,0,1787874146
acb741,N91834,United States,1787874146,1787874146,-117.5993,34.1124,1112.52,False,49.45,87.02,0.33,1120.14,5647,False,0,1787874146
acfdf4,SWA3633,United States,1787874145,1787874145,-118.1461,33.819,,True,0.0,90.0,,,,False,0,1787874146
ae4f7d,LW11,United States,1787874146,1787874146,-117.2133,32.7093,,True,3.09,202.5,,,,False,0,1787874146
a645de,N503JA,United States,1787874146,1787874146,-117.6411,33.9728,762.0,False,71.18,265.86,0.65,716.28,,False,0,1787874146
a8d5a4,UAL2117,United States,1787874146,1787874146,-117.5392,32.9416,3375.66,False,182.84,307.22,5.2,3550.92,,False,0,1787874146
a1a796,N20543,United States,1787874144,1787874144,-116.9422,33.0274,830.58,False,49.84,97.71,-1.95,807.72,,False,0,1787874146
a010f7,PFT103,United States,1787874145,1787874145,-118.2818,34.5298,2316.48,False,102.03,235.27,-2.93,2423.16,7432,False,0,1787874146
0d08e9,XACLK,Mexico,1787874133,1787874133,-116.881,32.515,571.5,False,82.69,293.85,-4.23,541.02,,False,0,1787874146
a406c9,FFT1425,United States,1787874138,1787874143,-117.1943,32.7323,,True,0.0,196.88,,,3347,False,0,1787874146
a3d3d8,N346CP,United States,1787874145,1787874145,-116.948,33.2922,1524.0,False,49.94,272.36,-0.98,1516.38,1200,False,0,1787874146
a6a9ce,N52858,United States,1787874146,1787874146,-119.3115,34.2668,975.36,False,61.12,126.1,1.3,960.12,,False,0,1787874146
a98133,EJA711,United States,1787874146,1787874146,-119.4229,34.7722,5417.82,False,165.48,125.77,-5.85,5715.0,1706,False,0,1787874146
a81f83,SKW5968,United States,1787874146,1787874146,-116.6659,34.0659,7208.52,False,186.34,263.66,-8.45,7680.96,1546,False,0,1787874146
aba7b0,DAL355,United States,1787874145,1787874146,-116.3635,34.0976,8671.56,False,233.8,262.92,-18.21,9227.82,0706,False,0,1787874146
a3c233,DAL1517,United States,1787874146,1787874146,-117.2979,34.1253,5090.16,False,175.05,251.67,-3.25,5402.58,1144,False,0,1787874146
a1a87e,MXY601,United States,1787874073,1787874074,-117.2454,34.1005,,True,0.0,0.0,,,,False,0,1787874146
ab44c3,N825PR,United States,1787874146,1787874146,-118.4323,34.6073,3657.6,False,115.84,264.14,-0.98,3863.34,,False,0,1787874146
a993f1,SKW6292,United States,1787874146,1787874146,-116.047,33.4903,10881.36,False,237.19,82.4,4.88,11597.64,1366,False,0,1787874146
a9d24c,N73181,United States,1787874146,1787874146,-116.8596,32.9203,952.5,False,55.79,32.96,0.0,929.64,,False,0,1787874146
aba873,N850MH,United States,1787874143,1787874145,-118.2358,33.5735,365.76,False,62.48,197.24,2.28,304.8,1200,False,0,1787874146
71c361,AAR204,Republic of Korea,1787873948,1787873948,-118.3978,33.9526,106.68,False,66.3,263.32,-2.93,45.72,6223,False,0,1787874146
a36466,N3179A,United States,1787873987,1787873987,-118.9157,34.0425,274.32,False,44.7,281.96,0.33,198.12,1200,False,0,1787874146
a9e8cf,N738AM,United States,1787873858,1787873862,-117.3545,33.2171,,True,0.0,258.75,,,,False,0,1787874146
a9873d,ASA696,United States,1787874145,1787874145,-119.0446,34.4263,5730.24,False,182.34,144.07,-8.45,6065.52,3525,False,0,1787874146
a2318d,N240RY,United States,1787874114,1787874114,-116.4679,33.5452,2781.3,False,37.28,219.4,0.65,2918.46,,False,0,1787874146
acb9ea,UPS2900,United States,1787874146,1787874146,-118.26,33.9521,647.7,False,108.35,262.91,-5.2,617.22,7333,False,0,1787874146
aa0536,N745B,United States,1787874145,1787874145,-117.6526,33.981,365.76,False,45.79,0.0,1.95,312.42,4772,False,0,1787874146
a0af26,N143PM,United States,1787874145,1787874145,-117.2412,33.2497,1097.28,False,74.9,20.92,-0.33,1097.28,0240,False,0,1787874146
ad648f,N962LA,United States,1787874142,1787874143,-118.1495,34.0055,236.22,False,59.68,313.6,0.65,152.4,1206,False,0,1787874146
a28c23,SWA1325,United States,1787874145,1787874145,-119.0804,34.5703,3421.38,False,161.71,130.23,-2.93,3604.26,1363,False,0,1787874146
a1bc6e,N2104H,United States,1787874144,1787874144,-119.0728,34.1976,259.08,False,47.91,93.08,-1.3,205.74,,False,0,1787874146
a9d75f,N733NC,United States,1787874145,1787874145,-117.0199,33.2451,1089.66,False,56.75,157.62,0.33,1051.56,1200,False,0,1787874146
ac56d9,SWA1855,United States,1787874145,1787874145,-116.7199,34.3026,10972.8,False,233.37,286.92,0.0,11666.22,1655,False,0,1787874146
a42f4b,N369S,United States,1787874145,1787874146,-117.8539,34.4807,3177.54,False,76.2,146.85,-0.33,3360.42,,False,0,1787874146
a6bf5a,ASA486,United States,1787874146,1787874146,-118.3492,33.9758,8923.02,False,254.06,347.96,6.83,9479.28,2071,False,0,1787874146
a600e4,SWA1691,United States,1787874146,1787874146,-116.0131,34.9658,8846.82,False,218.69,252.76,-5.2,9425.94,3520,False,0,1787874146
ac3315,SWA4161,United States,1787874146,1787874146,-117.5705,33.9882,3429.0,False,169.24,282.64,-5.85,3634.74,1304,False,0,1787874146
a0060a,N100PS,United States,1787874146,1787874146,-119.5867,34.4476,1714.5,False,78.83,113.05,-0.65,1744.98,,False,0,1787874146
a64a3b,EJA504,United States,1787874146,1787874146,-118.6321,34.4627,8534.4,False,252.47,339.61,0.0,9037.32,6750,False,0,1787874146
a8fc72,,United States,1787874081,1787874081,-117.2034,32.7352,,True,2.57,106.88,,,,False,0,1787874146
a78c8f,DAL634,United States,1787874122,1787874122,-118.4009,33.9522,91.44,False,66.94,262.49,-3.58,38.1,4174,False,0,1787874146
a850dc,FFT3315,United States,1787874146,1787874146,-118.7272,34.6996,6804.66,False,212.7,350.67,10.73,7208.52,2022,False,0,1787874146
a5f208,SWA957,United States,1787874145,1787874145,-116.7834,32.7102,1973.58,False,141.64,264.37,-7.48,2065.02,,False,0,1787874146
a74535,LXJ568,United States,1787874146,1787874146,-119.6411,34.3515,13106.4,False,204.86,271.87,-0.33,13784.58,6740,False,0,1787874146
ac8a11,N907KC,United States,1787874132,1787874144,-117.4369,33.9497,,True,0.0,70.31,,,,False,0,1787874146
a12276,N172V,United States,1787874145,1787874146,-119.3162,34.3159,3322.32,False,40.28,118.2,0.98,3489.96,4605,False,0,1787874146
a2ebbd,ASA574,United States,1787874142,1787874142,-117.2008,32.7351,,True,2.06,56.25,,,,False,0,1787874146
aaad6d,SWA3009,United States,1787874028,1787874028,-117.1891,32.731,,True,0.0,258.75,,,3746,False,0,1787874146
aa295d,SKW6455,United States,1787874146,1787874146,-117.6044,33.996,1264.92,False,120.68,140.88,6.18,1272.54,,False,0,1787874146
a4d220,LFG41,United States,1787874137,1787874143,-118.4937,34.2057,,True,0.0,270.0,,,,False,0,1787874146
acda2c,SWA1493,United States,1787874071,1787874071,-118.3591,34.2116,,True,1.8,317.81,,,,False,0,1787874146
ae2bf3,FFAB123,United States,1787873839,1787873839,-117.2113,32.7036,,True,2.06,194.06,,,,False,0,1787874146
ae2bfc,SHWK431,United States,1787874146,1787874146,-117.1101,32.5651,53.34,False,32.44,284.7,0.98,-15.24,,False,0,1787874146
a267f8,CXK203,United States,1787874145,1787874145,-116.5365,33.0359,2804.16,False,61.66,280.09,-0.65,2933.7,,False,0,1787874146
ad7528,N96621,United States,1787874146,1787874146,-117.2461,33.0752,1600.2,False,56.77,133.53,0.33,1623.06,4741,False,0,1787874146
a2b919,ASA1312,United States,1787874098,1787874098,-117.2021,32.7355,,True,5.66,286.88,,,2262,False,0,1787874146
ac9be7,N911RP,United States,1787874143,1787874144,-117.4472,33.9556,,True,0.0,2.81,,,,False,0,1787874146
ac425a,SWA3608,United States,1787874146,1787874146,-119.3658,35.3941,10233.66,False,226.74,329.3,4.55,10835.64,7610,False,0,1787874146
ab374b,N82122,United States,1787874146,1787874146,-117.464,33.7975,1188.72,False,46.11,324.54,0.98,1181.1,,False,0,1787874146
a8b4c6,FFT3215,United States,1787874146,1787874146,-117.419,33.9804,4145.28,False,177.23,261.82,-3.9,4404.36,7045,False,0,1787874146
a66ce0,DAL708,United States,1787874146,1787874146,-116.9853,34.7692,8039.1,False,245.67,54.55,4.23,8549.64,5642,False,0,1787874146
ac42e0,N8899J,United States,1787874146,1787874146,-118.4187,33.8762,2948.94,False,151.08,266.1,16.58,3101.34,2032,False,0,1787874146
ac42df,SWA3928,United States,1787874122,1787874122,-117.1785,32.7298,,True,1.8,106.88,,,,False,0,1787874146
a04b31,N118PA,United States,1787874146,1787874146,-119.0208,34.1929,800.1,False,112.11,219.97,-8.45,784.86,,False,0,1787874146
a638f5,N50Q,United States,1787874146,1787874146,-118.2196,33.9283,274.32,False,52.79,195.26,0.33,213.36,1200,False,0,1787874146
a1c5f2,N213PF,United States,1787874121,1787874144,-118.2769,33.9971,205.74,False,51.86,306.53,-0.65,137.16,1200,False,0,1787874146
a6fe05,N55KT,United States,1787874146,1787874146,-118.966,34.3642,6431.28,False,148.25,264.82,-3.58,6781.8,1620,False,0,1787874146
abb47f,N853WP,United States,1787874145,1787874146,-116.8508,33.0825,5608.32,False,90.52,106.17,5.2,5958.84,1072,False,0,1787874146
ae278c,LS10,United States,1787874143,1787874143,-117.2164,32.7046,,True,0.0,216.56,,,,False,0,1787874146
aaa74e,N786FA,United States,1787874122,1787874126,-117.1299,32.8125,190.5,False,35.35,291.34,-3.58,129.54,1200,False,0,1787874146
a22dec,N24CV,United States,1787874146,1787874146,-118.1512,33.8033,335.28,False,52.43,105.95,0.65,259.08,1200,False,0,1787874146
aaeddb,JRE803,United States,1787874145,1787874146,-119.1283,33.7829,8595.36,False,170.37,124.17,7.15,9113.52,,False,0,1787874146
ae2765,LSXX,United States,1787874104,1787874104,-117.1213,32.5602,30.48,False,4.66,276.34,-1.3,-22.86,,False,0,1787874146
a4012b,N3570E,United States,1787874146,1787874146,-118.8458,34.2525,2011.68,False,40.9,263.5,1.95,2065.02,,False,0,1787874146
acd2be,SWA3737,United States,1787874146,1787874146,-116.9649,32.7009,1234.44,False,98.1,220.96,-4.23,1257.3,3745,False,0,1787874146
a5df05,N478CA,United States,1787874146,1787874146,-119.0764,35.1986,1577.34,False,54.65,157.3,0.33,1630.68,,False,0,1787874146
a5cc35,UAL1048,United States,1787874146,1787874146,-118.0793,33.5111,2628.9,False,151.85,284.32,12.35,2750.82,7223,False,0,1787874146
a929a2,N69P,United States,1787874145,1787874145,-117.5945,33.0443,1851.66,False,120.57,303.69,0.0,1927.86,,False,0,1787874146
a5cc72,N473CA,United States,1787874145,1787874146,-117.1084,32.8022,358.14,False,41.21,294.33,-2.6,297.18,,False,0,1787874146
a8e3b3,FFT1755,United States,1787874145,1787874145,-116.0765,34.1262,9761.22,False,226.4,263.21,-5.2,10424.16,0721,False,0,1787874146
a880b0,QXE2410,United States,1787874145,1787874146,-116.0576,33.4005,6949.44,False,202.48,219.43,-3.58,7383.78,4611,False,0,1787874146
a2725d,JSX177,United States,1787874146,1787874146,-118.3786,34.1981,312.42,False,77.71,91.52,-4.55,251.46,3605,False,0,1787874146
ad922b,N9737V,United States,1787874146,1787874146,-119.0638,35.4206,441.96,False,50.56,135.41,-0.98,426.72,,False,0,1787874146
ab6511,N833SB,United States,1787874145,1787874145,-117.2738,34.1055,464.82,False,36.35,243.07,1.95,419.1,,False,0,1787874146
a689f0,N520LH,United States,1787873969,1787873969,-117.6201,33.9738,243.84,False,28.29,270.0,-1.3,182.88,,False,0,1787874146
a0b81e,UAL542,United States,1787874145,1787874146,-116.1585,34.5355,9685.02,False,203.77,245.7,-5.2,10317.48,0541,False,0,1787874146
a96f22,PCM7683,United States,1787874145,1787874145,-119.4792,34.3509,2156.46,False,83.9,123.5,-0.33,2255.52,,False,0,1787874146
aa67e1,N77NG,United States,1787874015,1787874015,-118.1462,34.5235,2103.12,False,110.8,50.84,-5.85,2194.56,4677,False,0,1787874146
adf251,N998WB,United States,1787874146,1787874146,-118.9425,34.3097,4983.48,False,187.68,143.7,-9.75,5257.8,,False,0,1787874146
a96ecb,CKS998,United States,1787874146,1787874146,-120.2246,34.9594,12192.0,False,249.14,326.97,0.0,12847.32,2046,False,0,1787874146
a304ac,N294DL,United States,1787873832,1787873832,-119.8435,34.4297,,True,0.9,244.69,,,,False,0,1787874146
a46d11,N3844G,United States,1787874146,1787874146,-117.9078,33.7483,830.58,False,56.62,28.19,4.88,807.72,,False,0,1787874146
a4bd24,SKW3346,United States,1787874146,1787874146,-117.4187,33.0594,3909.06,False,163.99,144.96,-5.53,4145.28,3247,False,0,1787874146
a6ea20,N5447L,United States,1787873914,1787873914,-117.2709,33.1298,152.4,False,33.5,259.38,-1.95,91.44,,False,0,1787874146
ab7639,N838BP,United States,1787874146,1787874146,-118.9894,34.2548,1219.2,False,49.61,130.79,0.0,1226.82,0402,False,0,1787874146
a2e5b4,EJA286,United States,1787874146,1787874146,-118.4535,34.901,12496.8,False,248.39,129.79,0.0,13205.46,3334,False,0,1787874146
ab9d9e,AAL136,United States,1787874145,1787874145,-118.5364,33.7548,2049.78,False,153.78,167.64,13.98,2125.98,6723,False,0,1787874146
aa7d49,N775TF,United States,1787874145,1787874146,-116.6851,34.827,12108.18,False,186.01,50.5,7.48,12839.7,7374,False,0,1787874146
a68c28,N5206R,United States,1787874145,1787874146,-117.2861,32.9877,426.72,False,49.16,346.69,-0.33,365.76,,False,0,1787874146
add1c2,N99RA,United States,1787874145,1787874146,-117.317,32.8951,1554.48,False,129.14,304.45,0.33,1615.44,,False,0,1787874146
7c1479,QFA15,Australia,1787874146,1787874146,-118.7961,33.1175,5433.06,False,215.91,57.26,-10.73,5783.58,,False,0,1787874146
a287ab,AAY1601,United States,1787874146,1787874146,-117.8934,33.6206,807.72,False,79.89,187.4,8.13,784.86,,False,0,1787874146
a154d3,N185SD,United States,1787874145,1787874146,-117.7522,33.5729,480.06,False,53.03,309.09,-1.63,426.72,,False,0,1787874146
78110d,CHH7925,China,1787874145,1787874146,-118.5661,34.0605,10553.7,False,247.14,136.94,-7.48,11209.02,3453,False,0,1787874146
a31a34,UAL935,United States,1787874146,1787874146,-118.2291,33.9697,815.34,False,97.5,262.72,0.33,800.1,2104,False,0,1787874146
aa7e74,UAL1668,United States,1787874146,1787874146,-117.7254,33.3652,6149.34,False,210.58,138.17,-12.35,6537.96,1757,False,0,1787874146
a16971,GRB483,United States,1787874146,1787874146,-118.7491,32.5903,7635.24,False,258.22,81.18,-11.7,8100.06,,False,0,1787874146
abdb97,N863SL,United States,1787874087,1787874087,-118.4493,34.0166,,True,0.06,42.19,,,1200,False,0,1787874146
a56d7b,EJA449,United States,1787874145,1787874145,-118.4496,34.0183,,True,7.2,213.75,,,,False,0,1787874146
a80a97,SKW6047,United States,1787874146,1787874146,-118.7581,34.8413,6202.68,False,203.07,350.23,7.15,6583.68,2070,False,0,1787874146
abee3a,N868TB,United States,1787874146,1787874146,-116.7909,32.9269,1859.28,False,46.62,22.04,1.63,1920.24,,False,0,1787874146
a93ccc,N6946R,United States,1787873846,1787873847,-118.1419,33.8099,60.96,False,44.38,315.0,-1.95,-15.24,0276,False,0,1787874146
a20e38,SWA2840,United States,1787874141,1787874141,-117.1794,32.73,,True,2.83,106.88,,,,False,0,1787874146
ac5066,SWA2247,United States,1787874045,1787874112,-119.8371,34.4248,,True,0.0,92.81,,,,False,0,1787874146
a44e1c,DAL967,United States,1787874146,1787874146,-117.9543,33.9826,2011.68,False,143.51,263.21,-6.18,2103.12,6561,False,0,1787874146
0d09bd,VOI3061,Mexico,1787873832,1787873832,-116.9391,32.537,259.08,False,69.78,278.91,-2.6,205.74,,False,0,1787874146
a5ba10,N46826,United States,1787874144,1787874145,-118.4883,34.2016,274.32,False,27.34,355.68,-0.33,228.6,,False,0,1787874146
c0730e,ACA1582,Canada,1787874146,1787874146,-117.1627,32.727,152.4,False,68.4,285.71,-4.23,99.06,2655,False,0,1787874146
abfe46,PCM7694,United States,1787874145,1787874145,-120.2,34.8561,2125.98,False,77.12,134.46,0.33,2217.42,4654,False,0,1787874146
aade5d,N8NF,United States,1787874145,1787874145,-118.0167,34.1601,701.04,False,42.36,294.39,0.98,647.7,1200,False,0,1787874146
a68a37,N520PD,United States,1787874145,1787874146,-118.4164,34.2117,381.0,False,30.36,269.03,-0.33,335.28,,False,0,1787874146
ac0b50,SWA2984,United States,1787874146,1787874146,-119.6704,35.0056,10675.62,False,210.56,168.44,-0.33,11308.08,3222,False,0,1787874146
ae4b24,THNDR11,United States,1787874145,1787874146,-116.8226,32.9138,1569.72,False,60.31,278.34,0.0,1630.68,,False,0,1787874146
ae4b51,WRHRS02,United States,1787874145,1787874146,-117.3416,32.957,533.4,False,75.72,132.8,0.65,510.54,,False,0,1787874146
a54936,N44KS,United States,1787874146,1787874146,-118.3474,33.6775,2194.56,False,88.63,97.0,3.58,2278.38,4775,False,0,1787874146
ac2fea,SWA3445,United States,1787874146,1787874146,-116.7216,32.6707,5562.6,False,211.98,90.97,7.8,5897.88,,False,0,1787874146
a6b97d,N532ST,United States,1787874146,1787874146,-119.0512,35.4103,6202.68,False,119.43,157.19,-10.08,6545.58,3256,False,0,1787874146
a178ae,SKW3358,United States,1787874146,1787874146,-118.4808,33.9426,624.84,False,110.68,267.87,6.5,586.74,1035,False,0,1787874146
a8d365,QXE2340,United States,1787874146,1787874146,-117.0738,32.7054,685.8,False,83.53,286.09,-4.88,655.32,0377,False,0,1787874146
a178de,AAL2038,United States,1787874146,1787874146,-117.8488,33.6445,5501.64,False,191.89,90.31,7.48,5821.68,6711,False,0,1787874146
acc1eb,ASA529,United States,1787873958,1787873958,-118.3551,34.1966,,True,1.03,132.19,,,1512,False,0,1787874146
a0a8de,UAL1700,United States,1787874146,1787874146,-117.8613,34.2556,7254.24,False,212.74,56.04,7.8,7680.96,2060,False,0,1787874146
a535e4,N435CA,United States,1787874146,1787874146,-117.2814,32.9409,1196.34,False,55.98,162.9,0.33,1203.96,,False,0,1787874146
ac748a,SCX425,United States,1787874145,1787874145,-116.9503,34.2246,6637.02,False,195.8,243.97,-8.13,7048.5,7012,False,0,1787874146
a7a17b,DAL1876,United States,1787874146,1787874146,-117.4855,33.2554,3916.68,False,207.66,280.42,-4.88,4152.9,2155,False,0,1787874146
a57f42,SWA1081,United States,1787874146,1787874146,-116.0559,35.42,6134.1,False,187.54,3.14,-5.2,6515.1,7242,False,0,1787874146
a6ef00,N546JB,United States,1787874146,1787874146,-118.3641,33.8188,411.48,False,31.11,304.22,4.55,350.52,1200,False,0,1787874146
a8d46a,UAL1195,United States,1787874146,1787874146,-116.5492,34.3874,7962.9,False,240.42,243.71,-10.73,8496.3,6532,False,0,1787874146
a6daf4,N5405A,United States,1787874145,1787874145,-118.9371,35.0381,2910.84,False,81.05,188.03,0.0,3017.52,,False,0,1787874146
a0c3c9,N1487V,United States,1787874145,1787874146,-116.7842,32.6126,1341.12,False,46.61,349.19,0.65,1348.74,,False,0,1787874146
a13f8f,N18NR,United States,1787874146,1787874146,-119.2395,35.4927,899.16,False,84.66,110.64,0.33,929.64,,False,0,1787874146
a37ec4,AAL2659,United States,1787874146,1787874146,-117.8724,33.528,1684.02,False,142.51,151.31,17.23,1722.12,7614,False,0,1787874146
a1d233,N2160Q,United States,1787874146,1787874146,-116.9349,32.8198,472.44,False,42.8,283.2,-3.9,426.72,0220,False,0,1787874146
a1f894,N226PD,United States,1787874145,1787874146,-117.9151,33.8422,289.56,False,29.69,62.1,1.63,236.22,4301,False,0,1787874146
a97c9a,FFT4990,United States,1787874146,1787874146,-117.1851,32.7307,,True,8.23,106.88,,,3336,False,0,1787874146
aa635d,N769EB,United States,1787874146,1787874146,-118.2879,34.1868,2773.68,False,106.76,154.3,0.33,2895.6,3663,False,0,1787874146
ad260e,CXK253,United States,1787874109,1787874109,-118.1475,33.8139,53.34,False,37.04,269.2,-1.95,7.62,1200,False,0,1787874146
a947a3,N6974H,United States,1787874020,1787874020,-117.2708,33.1297,144.78,False,33.6,258.52,-3.58,99.06,1200,False,0,1787874146
a4dd35,SKW3031,United States,1787874146,1787874146,-118.3794,34.4479,6103.62,False,193.13,307.21,9.1,6477.0,7670,False,0,1787874146
acf1ac,JSX723,United States,1787874145,1787874146,-119.262,34.9272,10668.0,False,213.57,159.56,0.33,11285.22,3457,False,0,1787874146
a2afe1,N272WC,United States,1787874145,1787874145,-118.2026,33.8128,396.24,False,43.95,196.31,2.28,327.66,1200,False,0,1787874146
a671f2,SKW4945,United States,1787874146,1787874146,-116.6485,33.7385,7955.28,False,216.67,91.63,5.53,8481.06,7315,False,0,1787874146
a84a50,EJA633,United States,1787873916,1787874110,-118.4876,34.208,,True,0.0,90.0,,,,False,0,1787874146
a18331,N197LL,United States,1787874146,1787874146,-120.152,34.5558,1402.08,False,90.45,151.83,0.0,1447.8,,False,0,1787874146
a5c983,N472LA,United States,1787874145,1787874145,-118.3283,34.0931,464.82,False,64.55,95.03,0.98,411.48,,False,0,1787874146
a44660,FTD375,United States,1787874145,1787874146,-116.8414,33.886,5250.18,False,189.32,262.66,-15.61,5554.98,1345,False,0,1787874146
ac04c6,SKW5254,United States,1787874146,1787874146,-118.6533,33.9601,2034.54,False,144.62,328.23,13.98,2125.98,6036,False,0,1787874146
a6c311,ASA264,United States,1787874146,1787874146,-118.7448,33.9711,5532.12,False,183.68,162.22,-10.08,5859.78,3530,False,0,1787874146
a4efdb,N417TS,United States,1787874146,1787874146,-118.1415,33.6813,1242.06,False,60.12,156.29,-3.58,1257.3,0277,False,0,1787874146
a9a80f,N721JD,United States,1787874146,1787874146,-119.4928,34.3847,1676.4,False,64.79,133.07,-0.33,1722.12,,False,0,1787874146
ae6901,BC711,United States,1787874145,1787874145,-117.127,32.5637,129.54,False,40.42,227.58,2.28,60.96,,False,0,1787874146
ac1602,N878W,United States,1787874146,1787874146,-117.0192,34.1971,2484.12,False,82.69,66.15,1.3,2598.42,0204,False,0,1787874146
a12a80,UAL659,United States,1787874146,1787874146,-118.6428,34.2013,3482.34,False,169.4,11.21,12.03,3665.22,7234,False,0,1787874146
a81289,N6190D,United States,1787874146,1787874146,-116.986,32.7814,891.54,False,46.89,266.86,-3.25,861.06,,False,0,1787874146
a12a7b,UAL589,United States,1787874145,1787874146,-119.1324,35.1375,10972.8,False,236.05,299.08,0.0,11620.5,7462,False,0,1787874146
aa1d79,VJA758,United States,1787874146,1787874146,-118.1752,34.1403,1638.3,False,124.62,267.4,-6.18,1691.64,4553,False,0,1787874146
a1e302,,United States,1787874094,1787874094,-117.1904,32.7304,,True,0.0,16.88,,,,False,0,1787874146
a61a28,N4922D,United States,1787874146,1787874146,-117.3075,33.1315,1402.08,False,47.92,14.93,-0.33,1409.7,,False,0,1787874146
ad47e4,N955GV,United States,1787874145,1787874145,-118.2588,33.7511,647.7,False,37.45,307.18,-1.63,609.6,1200,False,0,1787874146
a2036b,N229LA,United States,1787874144,1787874145,-118.604,34.1963,472.44,False,47.91,93.08,-0.65,411.48,,False,0,1787874146
acad1d,N916BQ,United States,1787874135,1787874138,-116.9246,33.0483,716.28,False,51.68,112.23,-1.95,693.42,,False,0,1787874146
acada0,N916GW,United States,1787874146,1787874146,-119.0839,35.4418,441.96,False,46.04,219.56,-0.65,441.96,,False,0,1787874146
aa1f2f,EJA751,United States,1787874146,1787874146,-117.9115,34.6482,4114.8,False,189.32,262.66,-7.48,4335.78,4231,False,0,1787874146
ab8112,AAL3201,United States,1787874146,1787874146,-116.8602,34.0475,6271.26,False,176.0,263.62,-7.48,6659.88,6671,False,0,1787874146
a1e2f8,N220WC,United States,1787874146,1787874146,-118.1433,33.8338,335.28,False,48.87,89.4,1.3,274.32,1200,False,0,1787874146
abe450,SWA9012,United States,1787874146,1787874146,-118.3007,33.6514,9326.88,False,235.08,321.58,6.5,9898.38,7663,False,0,1787874146
acae7c,N916RR,United States,1787874145,1787874145,-117.6485,33.6054,922.02,False,47.83,288.82,0.98,906.78,,False,0,1787874146
a4db51,FDY806,United States,1787874145,1787874145,-118.4037,33.9379,213.36,False,41.93,263.66,1.63,152.4,,False,0,1787874146
a7f2a2,VTE611,United States,1787874138,1787874139,-118.3582,34.1989,,True,7.72,255.94,,,2004,False,0,1787874146
a705ee,N5513L,United States,1787874146,1787874146,-118.2111,33.759,701.04,False,43.75,182.02,1.63,655.32,0251,False,0,1787874146
a06176,N1232A,United States,1787873955,1787873975,-116.9726,32.814,457.2,False,42.92,103.87,-1.3,403.86,,False,0,1787874146
a5c74e,N4711B,United States,1787874146,1787874146,-117.297,33.1253,259.08,False,36.03,260.13,2.28,190.5,,False,0,1787874146
a20467,N229WC,United States,1787874146,1787874146,-117.9589,33.844,624.84,False,47.7,163.72,2.6,594.36,0246,False,0,1787874146
ad7e17,PCM7682,United States,1787874146,1787874146,-120.4713,34.9133,220.98,False,51.74,311.78,3.25,190.5,,False,0,1787874146
a0e9b7,UPS2914,United States,1787874145,1787874145,-118.5492,34.3986,1859.28,False,127.42,213.31,-0.65,1935.48,1743,False,0,1787874146
ad35e0,AAL1719,United States,1787874145,1787874145,-118.3262,34.0306,1623.06,False,122.96,82.55,-8.13,1691.64,2605,False,0,1787874146
ac3e3a,SWA3280,United States,1787874145,1787874146,-118.6402,34.8022,8542.02,False,226.76,331.4,9.1,9060.18,7654,False,0,1787874146
acd03d,N9246N,United States,1787874100,1787874100,-116.9736,32.8123,457.2,False,49.41,104.47,0.0,411.48,,False,0,1787874146
a71a09,N557GG,United States,1787874146,1787874146,-117.3122,34.7767,6416.04,False,225.84,75.49,0.33,6781.8,4703,False,0,1787874146
a0c998,N15U,United States,1787874125,1787874125,-119.1795,34.2036,243.84,False,46.43,189.57,-4.88,213.36,,False,0,1787874146
ad27e0,N947HH,United States,1787874146,1787874146,-118.3017,33.9115,327.66,False,41.87,5.64,-1.95,259.08,1200,False,0,1787874146
a11e8b,SKW3112,United States,1787874146,1787874146,-118.7503,33.5489,6400.8,False,199.69,122.05,0.0,6789.42,,False,0,1787874146
a6c69e,N5359L,United States,1787874146,1787874146,-117.3363,33.2195,426.72,False,43.92,71.57,3.58,403.86,0226,False,0,1787874146
a7706b,LXJ579,United States,1787874146,1787874146,-117.5359,34.6882,4975.86,False,200.23,262.62,-4.55,5265.42,3104,False,0,1787874146
a0541b,AAL1669,United States,1787874146,1787874146,-117.7457,34.0171,3009.9,False,153.28,263.45,-7.15,3169.92,7644,False,0,1787874146
ae6b9b,RUDY35,United States,1787874146,1787874146,-119.0453,34.089,1737.36,False,117.93,8.02,-5.2,1775.46,,False,0,1787874146
a91051,N683WA,United States,1787873876,1787873881,-118.4525,34.0161,,True,0.0,315.0,,,,False,0,1787874146
a0d8ec,N1539E,United States,1787874146,1787874146,-119.0901,35.4577,640.08,False,39.81,237.13,3.9,662.94,,False,0,1787874146
ac3aa8,SWA177,United States,1787874146,1787874146,-118.4682,33.5224,2720.34,False,150.16,98.07,-8.13,2865.12,3224,False,0,1787874146
aafac1,N80616,United States,1787874145,1787874145,-119.0543,35.4294,121.92,False,19.28,316.08,0.33,114.3,,False,0,1787874146
0c216d,CMP408,Panama,1787874145,1787874145,-117.0791,33.5495,10972.8,False,237.18,314.65,0.0,11658.6,0130,False,0,1787874146
aab477,N7891G,United States,1787874145,1787874146,-118.1558,33.8182,,True,6.17,177.19,,,1200,False,0,1787874146
abc12a,SWA3430,United States,1787874146,1787874146,-118.0003,34.6024,6530.34,False,215.06,118.89,-12.03,6926.58,3677,False,0,1787874146
a432ff,REH81,United States,1787874011,1787874012,-116.8888,33.9287,1729.74,False,67.41,88.69,0.0,1790.7,,False,0,1787874146
aa76a8,SWA2678,United States,1787874146,1787874146,-117.8398,33.1727,6644.64,False,206.85,319.34,12.68,7025.64,2620,False,0,1787874146
a7e2d2,PFT607,United States,1787874102,1787874102,-118.4912,34.2026,,True,0.0,90.0,,,5650,False,0,1787874146
a4345e,LXJ370,United States,1787874146,1787874146,-116.9052,34.3871,5242.56,False,177.81,221.72,-7.48,5570.22,2453,False,0,1787874146
a73dc7,LXJ566,United States,1787874146,1787874146,-118.2075,33.7466,1851.66,False,116.04,314.82,0.0,1920.24,4731,False,0,1787874146
ab2eff,N82F,United States,1787874143,1787874146,-116.9532,32.6047,457.2,False,44.6,352.71,0.65,388.62,,False,0,1787874146
ad2807,JSX403,United States,1787874145,1787874145,-118.3497,34.4423,3802.38,False,179.12,35.06,7.15,4015.74,,False,0,1787874146
0d0fde,VOI3081,Mexico,1787873981,1787873981,-116.9107,32.5274,403.86,False,71.4,299.34,-5.2,548.64,3661,False,0,1787874146
abe6bc,N866SL,United States,1787874141,1787874141,-118.2387,33.8897,83.82,False,25.21,268.83,-3.25,7.62,1200,False,0,1787874146
a2e28f,SWA178,United States,1787874146,1787874146,-116.4072,34.8249,8534.4,False,226.36,226.66,0.0,9067.8,4615,False,0,1787874146
abc0e4,SWA4838,United States,1787874065,1787874095,-117.191,32.7321,,True,0.77,106.88,,,,False,0,1787874146
